{"impactSaves":{"debug":{"categories":{"Fish":{"items":{"Herring":{"X":188.954437,"Y":-157.673737},"Sandeel":{"X":-41.96347,"Y":22.10495}}},"Shipping Intensity":{"items":{"Tanker Intensity":{"X":408.65155,"Y":-164.587158},"Cargo Intensity":{"X":-333.2478,"Y":-79.88806}}},"Shipping":{"items":{"Sand & Gravel Extraction":{"X":-37.91101,"Y":287.0536},"No Shipping Zones":{"X":632.715759,"Y":196.338745},"National Shipping Lanes":{"X":-231.254578,"Y":62.9624634},"Dumping Areas":{"X":-55.6818542,"Y":-137.2085},"Ports":{"X":-324.904724,"Y":-124.57019},"IMO Routes":{"X":313.730042,"Y":267.532349}}}}}}}