{"impactSaves":{"debug":{"categories":{"Fish":{"items":{"Herring":{"X":248.954437,"Y":25.663147},"Sandeel":{"X":8.036926,"Y":205.440369},"Cod":{"X":159.96402,"Y":216.301331},"Demersal Fish":{"X":-202.782471,"Y":140.247253}}},"Shipping Intensity":{"items":{"Tanker Intensity":{"X":24.6169739,"Y":-242.330322},"Cargo Intensity":{"X":-333.2478,"Y":-79.88806},"Ferry Intensity":{"X":277.471619,"Y":-141.820313},"Passenger Intensity":{"X":-183.440948,"Y":174.688232},"Maintenance Intensity":{"X":323.739166,"Y":206.63916}}},"Shipping":{"items":{"Sand & Gravel Extraction":{"X":-97.9109955,"Y":350.386719},"No Shipping Zones":{"X":365.2346,"Y":363.703369},"National Shipping Lanes":{"X":-327.9212,"Y":122.9624},"Dumping Areas":{"X":-55.6818542,"Y":-137.2085},"Ports":{"X":-324.904724,"Y":-124.57019},"IMO Routes":{"X":63.72998,"Y":227.532227},"Anchorages":{"X":330.587738,"Y":145.567383}}},"Cables and Pipelines":{"items":{"Pipelines":{"X":431.0,"Y":-125.326996},"Unused Cables":{"X":37.7276,"Y":140.948608},"Telecom Cables":{"X":521.535034,"Y":159.380432},"Electricity Cables":{"X":-102.576172,"Y":-148.904816}}},"Energy":{"items":{"Oil & Gas Installations":{"X":372.012726,"Y":-16.831522}}},"Other human activities":{"items":{"Aquaculture":{"X":-1.30700684,"Y":240.046082},"Military areas":{"X":257.6551,"Y":209.820862},"Recreational Interest":{"X":-342.5735,"Y":300.7669}}},"Fishing":{"items":{"Bottom Trawl Catch":{"X":-74.7762451,"Y":-177.139618},"Drift and Fixed Nets Catch":{"X":0.0,"Y":173.99324},"Industrial & Pelagic Trawl Catch":{"X":-493.676147,"Y":23.33329}}},"Environment & Protection":{"items":{"Marine Protected Area":{"X":-221.843567,"Y":-192.653748},"Bathymetry":{"X":50.62259,"Y":171.856277}}},"Pressures":{"items":{"Bottom Disturbance":{"X":-166.265488,"Y":-113.354431},"Noise":{"X":-20.0692444,"Y":143.43512},"Surface Disturbance":{"X":153.333679,"Y":-100.65918}}},"Birds, Mammals, Benthos":{"items":{"Windfarm avoiding seabird":{"X":263.452637,"Y":216.264282},"Cetacean":{"X":-144.310486,"Y":-159.769775},"Windfarm indifferent seabird":{"X":403.151855,"Y":-160.2279},"Benthic Invertebrates":{"X":775.9159,"Y":17.38861},"Seal":{"X":-194.472534,"Y":187.162262}}}}}}}